"Value","measuredItemChildCPC","measuredItemParentCPC","geographicAreaM49","measuredShare","timePointYearsSP"
1,"23110","0111","0","1","0"
1,"23140.01","0111","0","1","0"
1,"39120.01","0111","0","1","0"
1,"23110","0111","0","1","0"
1,"23140.01","0111","0","1","0"
1,"39120.01","0111","0","1","0"
1,"23110","0111","0","1","0"
1,"23140.01","0111","0","1","0"
1,"39120.01","0111","0","1","0"
0,"23110","0111","0","1","0"
0,"39120.01","0111","0","1","0"
0,"23110","0111","0","1","0"
0,"39120.01","0111","0","1","0"
1,"23140.02","0111","0","1","0"
1,"23140.03","0111","0","1","0"
0,"24320","0111","0","1","0"
0,"23140.08","0111","0","1","0"
0,"24110","0111","0","1","0"
0,"2413","0111","0","1","0"
1,"23710","23110","0","1","0"
1,"F0020","23110","0","1","0"
1,"F0022","23110","0","1","0"
1,"23220.02","23110","0","1","0"
1,"23220.01","23110","0","1","0"
1,"23220.02","23110","0","1","0"
1,"23220.01","23110","0","1","0"
1,"24230.01","23110","0","1","0"
0,"23140.03","23110","0","1","0"
1,"23490.02","23110","0","1","0"
0,"23140.08","23110","0","1","0"
0,"23140.03","39120.01","0","1","0"
0,"23210.03","23220.01","0","1","0"
0,"23210.05","23220.01","0","1","0"
0,"2413","23220.01","0","1","0"
0,"39130.04","23220.02","0","1","0"
1,"23162","0113","0","1","0"
0,"23162","0113","0","1","0"
0,"39120.02","0113","0","1","0"
0,"23162","0113","0","1","0"
0,"39120.02","0113","0","1","0"
1,"39120.02","0113","0","1","0"
1,"23161.02","0113","0","1","0"
1,"39120.02","0113","0","1","0"
1,"23161.02","0113","0","1","0"
1,"23161.01","23162","0","1","0"
1,"39120.02","23162","0","1","0"
1,"23161.01","23162","0","1","0"
1,"39120.02","23162","0","1","0"
1,"23161.03","23161.01","0","1","0"
0,"24230.02","23161.01","0","1","0"
0,"23140.03","23161.01","0","1","0"
0,"23161.03","23161.02","0","1","0"
0,"23140.03","23161.02","0","1","0"
1,"39130.01","23161.03","0","1","0"
1,"23220.03","23161.03","0","1","0"
1,"39130.01","23161.03","0","1","0"
1,"23220.03","23161.03","0","1","0"
1,"23120.01","23161.03","0","1","0"
1,"24230.02","23161.03","0","1","0"
0,"23140.03","23161.03","0","1","0"
0,"24310.01","23161.03","0","1","0"
0,"23140.08","23161.03","0","1","0"
0,"24110","23161.03","0","1","0"
0,"2413","23161.03","0","1","0"
0,"39130.04","39130.01","0","1","0"
0,"23210.05","23220.03","0","1","0"
0,"21700.01","21691.01","0","1","0"
0,"21700.02","21691.01","0","1","0"
0,"F1275","21691.01","0","1","0"
0,"23710","23120.01","0","1","0"
1,"23140.04","0115","0","1","0"
1,"39120.03","0115","0","1","0"
1,"23140.04","0115","0","1","0"
1,"39120.03","0115","0","1","0"
1,"24320","0115","0","1","0"
0,"2413","0115","0","1","0"
0,"23912.01","0115","0","1","0"
0,"23140.03","23140.04","0","1","0"
1,"23140.05","23140.04","0","1","0"
1,"23120.02","23140.04","0","1","0"
1,"23140.05","23140.04","0","1","0"
1,"23120.02","23140.04","0","1","0"
0,"23140.03","24320","0","1","0"
1,"23999.01","24320","0","1","0"
1,"24310.01","24320","0","1","0"
0,"23210.05","24320","0","1","0"
0,"24110","24320","0","1","0"
0,"2413","24320","0","1","0"
0,"24310.01","23999.01","0","1","0"
0,"23140.03","0112","0","1","0"
0,"24310.01","0112","0","1","0"
1,"23120.03","0112","0","1","0"
1,"39120.04","0112","0","1","0"
1,"23140.06","0112","0","1","0"
1,"23120.03","0112","0","1","0"
1,"39120.04","0112","0","1","0"
1,"23140.06","0112","0","1","0"
1,"23120.03","0112","0","1","0"
1,"39120.04","0112","0","1","0"
1,"23140.06","0112","0","1","0"
0,"23120.03","0112","0","1","0"
0,"39120.04","0112","0","1","0"
0,"23120.03","0112","0","1","0"
0,"39120.04","0112","0","1","0"
0,"23120.03","0112","0","1","0"
1,"39130.02","0112","0","1","0"
1,"23220.04","0112","0","1","0"
1,"39130.02","0112","0","1","0"
1,"23220.04","0112","0","1","0"
1,"24310.02","0112","0","1","0"
0,"23140.08","0112","0","1","0"
0,"24110","0112","0","1","0"
0,"2413","0112","0","1","0"
0,"24310.01","23120.03","0","1","0"
0,"39130.02","23120.03","0","1","0"
0,"23220.04","23120.03","0","1","0"
0,"39130.02","23120.03","0","1","0"
0,"23220.04","23120.03","0","1","0"
0,"39130.04","39120.04","0","1","0"
0,"21700.01","21691.02","0","1","0"
0,"21700.02","21691.02","0","1","0"
0,"F1275","21691.02","0","1","0"
0,"39130.04","21910.02","0","1","0"
1,"39130.04","39130.02","0","1","0"
0,"24310.02","23220.04","0","1","0"
1,"23210.03","23220.04","0","1","0"
1,"23210.05","23220.04","0","1","0"
0,"24110","23220.04","0","1","0"
0,"2413","23220.04","0","1","0"
0,"23140.03","0112","0","1","0"
0,"23140.08","0112","0","1","0"
0,"F0020","0116","0","1","0"
0,"23140.03","0116","0","1","0"
0,"23120.04","0116","0","1","0"
1,"39120.05","0116","0","1","0"
1,"23120.04","0116","0","1","0"
1,"39120.05","0116","0","1","0"
1,"23120.04","0116","0","1","0"
0,"23140.08","0116","0","1","0"
0,"24110","0116","0","1","0"
0,"2413","0116","0","1","0"
0,"23912.01","0116","0","1","0"
0,"23140.03","0117","0","1","0"
1,"39120.06","0117","0","1","0"
1,"23140.07","0117","0","1","0"
1,"39120.06","0117","0","1","0"
1,"23140.07","0117","0","1","0"
0,"23140.08","0117","0","1","0"
0,"2413","0117","0","1","0"
1,"39120.07","0118","0","1","0"
1,"23120.05","0118","0","1","0"
1,"39120.07","0118","0","1","0"
1,"23120.05","0118","0","1","0"
1,"24310.03","0118","0","1","0"
1,"23120.06","0114","0","1","0"
1,"39120.08","0114","0","1","0"
1,"23120.06","0114","0","1","0"
1,"39120.08","0114","0","1","0"
0,"23120.06","0114","0","1","0"
1,"24310.04","0114","0","1","0"
0,"2413","0114","0","1","0"
0,"24310.01","23120.06","0","1","0"
0,"24110","23120.06","0","1","0"
1,"39120.09","01192","0","1","0"
1,"23120.07","01192","0","1","0"
1,"39120.09","01192","0","1","0"
1,"23120.07","01192","0","1","0"
0,"2413","01192","0","1","0"
0,"39120.13","01194","0","1","0"
0,"23120.90","01194","0","1","0"
0,"39120.13","01194","0","1","0"
0,"23120.90","01194","0","1","0"
1,"39120.10","01193","0","1","0"
1,"23120.08","01193","0","1","0"
1,"39120.10","01193","0","1","0"
1,"23120.08","01193","0","1","0"
1,"23120.09","01191","0","1","0"
1,"39120.11","01191","0","1","0"
1,"23120.09","01191","0","1","0"
1,"39120.11","01191","0","1","0"
0,"23120.90","01195","0","1","0"
0,"39120.13","01195","0","1","0"
0,"23120.90","01195","0","1","0"
0,"39120.13","01195","0","1","0"
1,"23120.10","01199.02","0","1","0"
1,"39120.12","01199.02","0","1","0"
1,"23120.10","01199.02","0","1","0"
1,"39120.12","01199.02","0","1","0"
0,"23140.08","01199.02","0","1","0"
0,"24110","01199.02","0","1","0"
0,"2413","01199.02","0","1","0"
1,"23120.90","01199.90","0","1","0"
1,"39120.13","01199.90","0","1","0"
1,"23120.90","01199.90","0","1","0"
1,"39120.13","01199.90","0","1","0"
1,"23140.08","01199.90","0","1","0"
0,"24110","01199.90","0","1","0"
0,"2413","01199.90","0","1","0"
1,"21392","01510","0","1","0"
1,"39130.03","01510","0","1","0"
1,"21313","01510","0","1","0"
1,"39130.03","01510","0","1","0"
1,"21313","01510","0","1","0"
1,"23220.05","01510","0","1","0"
1,"23230.01","01510","0","1","0"
0,"24110","01510","0","1","0"
0,"2413","01510","0","1","0"
0,"23220.05","21392","0","1","0"
0,"23230.01","21392","0","1","0"
0,"23210.03","23220.05","0","1","0"
0,"23210.05","23220.05","0","1","0"
0,"2413","23220.05","0","1","0"
0,"23220.05","01530","0","1","0"
0,"23170.02","01530","0","1","0"
0,"01599.10","01530","0","1","0"
0,"2413","01530","0","1","0"
1,"23170.01","01520","0","1","0"
1,"23230.02","01520","0","1","0"
1,"01520.01","01520","0","1","0"
1,"23220.06","01520","0","1","0"
0,"24110","01520","0","1","0"
0,"2413","01520.01","0","1","0"
0,"23210.03","23220.06","0","1","0"
0,"23210.05","23220.06","0","1","0"
0,"2413","23220.06","0","1","0"
0,"23170.02","01591","0","1","0"
0,"01599.10","01591","0","1","0"
0,"23170.02","01550","0","1","0"
0,"01599.10","01550","0","1","0"
0,"23170.02","01540","0","1","0"
0,"01599.10","01540","0","1","0"
1,"23170.02","01599","0","1","0"
1,"01599.10","01599","0","1","0"
0,"24110","01802","0","1","0"
0,"2413","01802","0","1","0"
0,"24110","01801","0","1","0"
0,"2413","01801","0","1","0"
1,"23520","23510","0","1","0"
0,"24490.92","23511.02","0","1","0"
0,"2413","23511.02","0","1","0"
1,"23670.01","23520","0","1","0"
1,NA,"23520","0","1","0"
0,"24490.92","23520","0","1","0"
0,"2413","23520","0","1","0"
1,"24110","23540","0","1","0"
1,"2413","23540","0","1","0"
0,"23670.01","23210.05","0","1","0"
0,NA,"23210.05","0","1","0"
1,"23210.08","23210.05","0","1","0"
1,"24490.92","23210.05","0","1","0"
0,"2413","23210.05","0","1","0"
0,"39120.14","01701","0","1","0"
0,"23170.03","01701","0","1","0"
0,"39120.14","01701","0","1","0"
0,"23170.03","01701","0","1","0"
0,"23170.03","01702","0","1","0"
0,"39120.14","01702","0","1","0"
0,"23170.03","01702","0","1","0"
0,"39120.14","01702","0","1","0"
0,"23170.03","01705","0","1","0"
0,"39120.14","01705","0","1","0"
0,"23170.03","01705","0","1","0"
0,"39120.14","01705","0","1","0"
0,"23170.03","01703","0","1","0"
0,"39120.14","01703","0","1","0"
0,"23170.03","01703","0","1","0"
0,"39120.14","01703","0","1","0"
0,"23170.03","01706","0","1","0"
0,"39120.14","01706","0","1","0"
0,"23170.03","01706","0","1","0"
0,"39120.14","01706","0","1","0"
0,"39120.14","01707","0","1","0"
0,"23170.03","01707","0","1","0"
0,"39120.14","01707","0","1","0"
0,"23170.03","01707","0","1","0"
0,"F0472","01707","0","1","0"
0,"23170.03","01704","0","1","0"
0,"39120.14","01704","0","1","0"
0,"23170.03","01704","0","1","0"
0,"39120.14","01704","0","1","0"
0,"39120.14","01708","0","1","0"
0,"23170.03","01708","0","1","0"
0,"39120.14","01708","0","1","0"
0,"23170.03","01708","0","1","0"
0,"23170.03","01709.01","0","1","0"
0,"39120.14","01709.01","0","1","0"
0,"23170.03","01709.01","0","1","0"
0,"39120.14","01709.01","0","1","0"
0,"39120.14","01709.02","0","1","0"
0,"23170.03","01709.02","0","1","0"
0,"39120.14","01709.02","0","1","0"
0,"23170.03","01709.02","0","1","0"
1,"23170.03","01709.90","0","1","0"
1,"39120.14","01709.90","0","1","0"
1,"23170.03","01709.90","0","1","0"
1,"39120.14","01709.90","0","1","0"
0,"23170.03","01709.90","0","1","0"
1,"21429.01","01377","0","1","0"
1,"21424","01372","0","1","0"
1,"21422","01371","0","1","0"
1,"21429.02","01376","0","1","0"
0,"F0235","01375","0","1","0"
1,"21423","01374","0","1","0"
0,"F0235","21429.01","0","1","0"
0,"F0235","21424","0","1","0"
0,"F0235","21422","0","1","0"
0,"F0235","21429.02","0","1","0"
0,"F0235","21423","0","1","0"
1,"F0235","01379.90","0","1","0"
1,"23995.01","0141","0","1","0"
1,"23995.02","0141","0","1","0"
1,"23999.03","0141","0","1","0"
0,"21920","0141","0","1","0"
0,"21700.01","2161","0","1","0"
0,"21700.02","2161","0","1","0"
0,"F1243","2161","0","1","0"
0,"F1275","2161","0","1","0"
0,"34120","2161","0","1","0"
1,"21421","0142","0","1","0"
0,"F0235","21421","0","1","0"
1,"21495.01","21421","0","1","0"
1,"21495.02","21421","0","1","0"
0,"21700.01","2162","0","1","0"
0,"21700.02","2162","0","1","0"
0,"F1243","2162","0","1","0"
0,"34550","2162","0","1","0"
0,"F1275","2162","0","1","0"
0,"34120","2162","0","1","0"
1,"21429.07","01460","0","1","0"
1,"01492","01460","0","1","0"
0,"21700.01","2166","0","1","0"
0,"21700.02","2166","0","1","0"
0,"F1243","2166","0","1","0"
0,"34550","2166","0","1","0"
0,"F1275","2166","0","1","0"
0,"34120","2166","0","1","0"
0,"21700.01","2165","0","1","0"
0,"21700.02","2165","0","1","0"
0,"F1243","2165","0","1","0"
0,"34550","2165","0","1","0"
0,"F1275","2165","0","1","0"
1,"34120","2165","0","1","0"
1,"21932.02","2165","0","1","0"
0,"21700.01","21691.14","0","1","0"
0,"21700.02","21691.14","0","1","0"
0,"F1243","21691.14","0","1","0"
0,"34550","21691.14","0","1","0"
0,"F1275","21691.14","0","1","0"
0,"34120","21691.14","0","1","0"
1,"F0262","01450","0","1","0"
0,"21700.02","21691.04","0","1","0"
0,"F1243","21691.04","0","1","0"
1,"21693.02","21691.04","0","1","0"
0,"34550","21691.04","0","1","0"
0,"34120","21691.04","0","1","0"
0,"21700.01","21631.01","0","1","0"
0,"21700.02","21631.01","0","1","0"
0,"F1243","21631.01","0","1","0"
0,"34550","21631.01","0","1","0"
0,"F1275","21631.01","0","1","0"
0,"34120","21631.01","0","1","0"
0,"21920","01443","0","1","0"
0,"21700.01","21641.01","0","1","0"
0,"21700.02","21641.01","0","1","0"
0,"F1243","21641.01","0","1","0"
0,"34550","21641.01","0","1","0"
0,"F1275","21641.01","0","1","0"
0,"34120","21641.01","0","1","0"
0,"21700.01","21673","0","1","0"
0,"21700.02","21673","0","1","0"
0,"F1243","21673","0","1","0"
0,"34550","21673","0","1","0"
0,"F1275","21673","0","1","0"
0,"34120","21673","0","1","0"
0,"21700.01","21631.02","0","1","0"
0,"21700.02","21631.02","0","1","0"
0,"F1243","21631.02","0","1","0"
0,"34550","21631.02","0","1","0"
0,"F1275","21631.02","0","1","0"
0,"34120","21631.02","0","1","0"
0,"21700.01","21691.07","0","1","0"
0,"21700.02","21691.07","0","1","0"
0,"F1243","21691.07","0","1","0"
0,"34550","21691.07","0","1","0"
0,"F1275","21691.07","0","1","0"
0,"34120","21691.07","0","1","0"
1,"23995.03","01442","0","1","0"
0,"21920","01442","0","1","0"
0,"21700.01","21641.02","0","1","0"
0,"21700.02","21641.02","0","1","0"
0,"F1243","21641.02","0","1","0"
0,"F1275","21641.02","0","1","0"
0,"21700.01","2168","0","1","0"
0,"21700.02","2168","0","1","0"
0,"F1243","2168","0","1","0"
0,"F1275","2168","0","1","0"
0,"21700.01","21691.12","0","1","0"
0,"21700.02","21691.12","0","1","0"
0,"F1243","21691.12","0","1","0"
1,"34550","21691.12","0","1","0"
0,"F1275","21691.12","0","1","0"
0,"21700.01","21691.13","0","1","0"
0,"21700.02","21691.13","0","1","0"
0,"F1243","21691.13","0","1","0"
0,"F1275","21691.13","0","1","0"
1,"21920","01449.90","0","1","0"
1,"21700.01","21691.90","0","1","0"
1,"21700.02","21691.90","0","1","0"
0,"F1243","21691.90","0","1","0"
0,"34550","21691.90","0","1","0"
1,"F1275","21691.90","0","1","0"
0,NA,"01212","0","1","0"
0,"21340","01212","0","1","0"
0,"F0472","01212","0","1","0"
0,"21330","01212","0","1","0"
0,NA,"01216","0","1","0"
0,"21340","01216","0","1","0"
0,"F0472","01216","0","1","0"
0,"F0473","01216","0","1","0"
0,"21330","01216","0","1","0"
0,NA,"01211","0","1","0"
0,"21340","01211","0","1","0"
0,"F0472","01211","0","1","0"
0,"F0473","01211","0","1","0"
0,"21330","01211","0","1","0"
0,"F0473","01215","0","1","0"
0,"21330","01215","0","1","0"
1,NA,"01234","0","1","0"
1,"21321","01234","0","1","0"
1,"21399.01","01234","0","1","0"
1,"21399.02","01234","0","1","0"
0,"21329","01234","0","1","0"
0,"F0472","01234","0","1","0"
0,NA,"01213","0","1","0"
0,"21340","01213","0","1","0"
0,"F0472","01213","0","1","0"
0,"F0473","01213","0","1","0"
0,"21330","01213","0","1","0"
0,NA,"01235","0","1","0"
0,"21340","01235","0","1","0"
0,"F0472","01235","0","1","0"
0,"F0473","01235","0","1","0"
0,"21330","01235","0","1","0"
0,NA,"01232","0","1","0"
0,"21340","01232","0","1","0"
0,"F0472","01232","0","1","0"
0,"21330","01232","0","1","0"
0,NA,"01233","0","1","0"
0,"21393.90","01233","0","1","0"
0,"21340","01233","0","1","0"
0,"F0472","01233","0","1","0"
0,"21330","01233","0","1","0"
0,NA,"01231","0","1","0"
0,"21340","01231","0","1","0"
0,"F0472","01231","0","1","0"
0,"21330","01231","0","1","0"
0,NA,"01253.01","0","1","0"
0,"21340","01253.01","0","1","0"
0,"F0472","01253.01","0","1","0"
0,"21330","01253.01","0","1","0"
0,"21393.90","01253.02","0","1","0"
0,"21340","01253.02","0","1","0"
0,"F0472","01253.02","0","1","0"
0,"F0473","01253.02","0","1","0"
0,"21330","01253.02","0","1","0"
0,"21393.90","01252","0","1","0"
0,NA,"01241.02","0","1","0"
0,"21340","01241.02","0","1","0"
0,"F0472","01241.02","0","1","0"
0,"F0473","01241.02","0","1","0"
0,"21330","01241.02","0","1","0"
0,NA,"01242","0","1","0"
0,"21340","01242","0","1","0"
0,"F0472","01242","0","1","0"
0,"F0473","01242","0","1","0"
0,"21330","01242","0","1","0"
0,NA,"01243","0","1","0"
0,"21340","01243","0","1","0"
0,"F0472","01243","0","1","0"
0,"F0473","01243","0","1","0"
0,"21330","01243","0","1","0"
0,NA,"01241.01","0","1","0"
0,"21340","01241.01","0","1","0"
0,"F0472","01241.01","0","1","0"
0,"F0473","01241.01","0","1","0"
0,"21330","01241.01","0","1","0"
0,NA,"01251","0","1","0"
0,NA,"01251","0","1","0"
0,"21329","01251","0","1","0"
0,"21393.90","01251","0","1","0"
0,"21340","01251","0","1","0"
0,"F0472","01251","0","1","0"
0,"21330","01251","0","1","0"
1,"21319.01","01290.01","0","1","0"
1,"21399.03","01290.01","0","1","0"
0,NA,"01290.01","0","1","0"
0,"F0473","01290.01","0","1","0"
0,"21330","01290.01","0","1","0"
1,"21393.01","01270","0","1","0"
1,"21397.01","01270","0","1","0"
0,"21340","01270","0","1","0"
0,"F0472","01270","0","1","0"
1,"23912.01","01691","0","1","0"
0,"24110","01356","0","1","0"
0,"2413","01356","0","1","0"
1,NA,"01290.90","0","1","0"
1,NA,"01290.90","0","1","0"
1,"21329","01290.90","0","1","0"
1,"21393.90","01290.90","0","1","0"
1,"21340","01290.90","0","1","0"
1,"F0472","01290.90","0","1","0"
1,"F0473","01290.90","0","1","0"
1,"21330","01290.90","0","1","0"
1,"F0475","01290.90","0","1","0"
1,"23991.02","01290.90","0","1","0"
0,"24230.03","01312","0","1","0"
0,"21419.90","01312","0","1","0"
0,"21419.05","01312","0","1","0"
0,"F0623","01312","0","1","0"
0,"23170.04","01312","0","1","0"
0,"2413","01312","0","1","0"
0,"24230.03","01313","0","1","0"
1,"21431.01","01323","0","1","0"
1,"21431.02","01323","0","1","0"
0,"21439.04","01323","0","1","0"
0,"21439.05","01323","0","1","0"
0,"21439.9","01323","0","1","0"
0,"F0623","01323","0","1","0"
1,"21439.01","01324","0","1","0"
0,"21439.04","01324","0","1","0"
0,"21439.05","01324","0","1","0"
0,"21439.9","01324","0","1","0"
0,"F0623","01324","0","1","0"
1,"21439.02","01322","0","1","0"
1,"21439.03","01322","0","1","0"
0,"21439.04","01322","0","1","0"
0,"21439.05","01322","0","1","0"
0,"21439.9","01322","0","1","0"
0,"F0623","01322","0","1","0"
1,"21432","01321","0","1","0"
1,"21432.01","01321","0","1","0"
0,"21439.04","01321","0","1","0"
0,"21439.05","01321","0","1","0"
0,"21439.9","01321","0","1","0"
0,"F0623","01321","0","1","0"
1,"21439.04","01329","0","1","0"
1,"21439.05","01329","0","1","0"
0,"21439.9","01329","0","1","0"
0,"F0623","01329","0","1","0"
1,"24230.03","01341","0","1","0"
1,"21435.01","01341","0","1","0"
1,"21435.02","01341","0","1","0"
0,"21419.05","01341","0","1","0"
0,"21439.9","01341","0","1","0"
0,"F0623","01341","0","1","0"
0,"23670.02","01341","0","1","0"
0,"23991.03","01341","0","1","0"
0,"24110","01341","0","1","0"
0,"2413","01341","0","1","0"
0,"24230.03","01342.01","0","1","0"
0,"21419.05","01342.01","0","1","0"
0,"21439.9","01342.01","0","1","0"
0,"F0623","01342.01","0","1","0"
0,"23670.02","01342.01","0","1","0"
0,"23991.03","01342.01","0","1","0"
0,"2413","01342.01","0","1","0"
0,"F0623","01342.02","0","1","0"
1,"21419.01","01343","0","1","0"
0,"F0623","01343","0","1","0"
0,"23670.02","01343","0","1","0"
0,"23991.03","01343","0","1","0"
0,"24110","01343","0","1","0"
0,"2413","01343","0","1","0"
0,"21439.9","01344.01","0","1","0"
0,"F0623","01344.01","0","1","0"
0,"2413","01344.01","0","1","0"
0,"21419.05","01344.02","0","1","0"
0,"21439.9","01344.02","0","1","0"
0,"F0623","01344.02","0","1","0"
0,"23670.02","01344.02","0","1","0"
0,"23991.03","01344.02","0","1","0"
0,"2413","01344.02","0","1","0"
0,"21419.05","01345","0","1","0"
0,"21439.9","01345","0","1","0"
0,"F0623","01345","0","1","0"
0,"23670.02","01345","0","1","0"
0,"23991.03","01345","0","1","0"
0,"2413","01345","0","1","0"
1,"21412","01346","0","1","0"
1,"21439.06","01346","0","1","0"
1,"21439.07","01346","0","1","0"
0,"F0623","01346","0","1","0"
1,"23670.02","01346","0","1","0"
1,"23991.03","01346","0","1","0"
0,"24110","01346","0","1","0"
0,"2413","01346","0","1","0"
0,"21419.05","01349.20","0","1","0"
0,"21439.9","01349.20","0","1","0"
0,"F0623","01349.20","0","1","0"
0,"2413","01349.20","0","1","0"
0,"24230.03","01349.10","0","1","0"
0,"21419.05","01349.10","0","1","0"
0,"21439.9","01349.10","0","1","0"
0,"F0623","01349.10","0","1","0"
0,"2413","01349.10","0","1","0"
0,"F0623","01354","0","1","0"
0,"2413","01354","0","1","0"
0,"21439.9","01353.01","0","1","0"
0,"F0623","01353.01","0","1","0"
0,"2413","01353.01","0","1","0"
0,"21439.9","01351.01","0","1","0"
0,"F0623","01351.01","0","1","0"
0,"2413","01351.01","0","1","0"
0,"21439.9","01351.02","0","1","0"
0,"F0623","01351.02","0","1","0"
0,"2413","01351.02","0","1","0"
0,"21439.9","01355.01","0","1","0"
0,"F0623","01355.01","0","1","0"
0,"2413","01355.01","0","1","0"
0,"21439.9","01355.02","0","1","0"
0,"F0623","01355.02","0","1","0"
0,"2413","01355.02","0","1","0"
0,"21439.9","01355.90","0","1","0"
0,"F0623","01355.90","0","1","0"
0,"2413","01355.90","0","1","0"
1,"21411","01330","0","1","0"
1,"21434","01330","0","1","0"
0,"24212.01","01330","0","1","0"
1,"39160","01330","0","1","0"
1,"24212.01","01330","0","1","0"
1,"39160","01330","0","1","0"
1,"24212.01","01330","0","1","0"
1,"39160","01330","0","1","0"
1,"24212.02","01330","0","1","0"
1,"39160","01330","0","1","0"
1,"24212.02","01330","0","1","0"
0,"24212.02","01330","0","1","0"
0,"F0623","01330","0","1","0"
0,"2413","01330","0","1","0"
0,"21434","24212.01","0","1","0"
0,"24212.02","24212.01","0","1","0"
0,"2413","24212.01","0","1","0"
1,"24220","24212.02","0","1","0"
0,"2413","24212.02","0","1","0"
0,"24110","39160","0","1","0"
0,"2413","39160","0","1","0"
0,"24110","01221","0","1","0"
0,"2413","01221","0","1","0"
0,"21439.9","01229","0","1","0"
0,"2413","01229","0","1","0"
1,"21419.02","01315","0","1","0"
0,"21419.05","01315","0","1","0"
0,"F0623","01315","0","1","0"
0,"24110","01315","0","1","0"
0,"2413","01315","0","1","0"
1,"21499.01","01316","0","1","0"
1,"21439.08","01316","0","1","0"
1,"21499.01","01316","0","1","0"
1,"21439.08","01316","0","1","0"
0,"21439.9","01316","0","1","0"
0,"F0623","01316","0","1","0"
0,"F0623","01311","0","1","0"
1,"21433","01318","0","1","0"
1,"21491","01318","0","1","0"
1,"21433","01318","0","1","0"
1,"21491","01318","0","1","0"
0,"21491","01318","0","1","0"
0,"21433.01","01318","0","1","0"
0,"21491","01318","0","1","0"
0,"21433.01","01318","0","1","0"
0,"21433","01318","0","1","0"
1,"21433.01","01318","0","1","0"
0,"21439.9","01318","0","1","0"
0,"F0623","01318","0","1","0"
0,"21419.90","01314","0","1","0"
0,"21419.05","01314","0","1","0"
0,"F0623","01314","0","1","0"
0,"2413","01314","0","1","0"
0,"F0623","01359.02","0","1","0"
0,"24230.03","01319","0","1","0"
1,"21419.90","01319","0","1","0"
0,"21419.05","01319","0","1","0"
0,"21439.9","01319","0","1","0"
0,"F0623","01319","0","1","0"
0,"23170.04","01319","0","1","0"
0,"24110","01319","0","1","0"
0,"2413","01319","0","1","0"
0,"24230.03","01359.90","0","1","0"
1,"21419.05","01359.90","0","1","0"
1,"21439.9","01359.90","0","1","0"
1,"F0623","01359.90","0","1","0"
1,"23170.04","01359.90","0","1","0"
0,"24110","01359.90","0","1","0"
0,"2413","01359.90","0","1","0"
0,"2413","21439.9","0","1","0"
0,"2413","24110","0","1","0"
0,"2413",NA,"0","1","0"
1,"23911","01610","0","1","0"
0,"23912.01","01610","0","1","0"
1,"23912.02","01610","0","1","0"
1,"23610.01","01640","0","1","0"
1,"39150.02","01640","0","1","0"
1,"23610.01","01640","0","1","0"
1,"39150.02","01640","0","1","0"
1,"F0665","23610.01","0","1","0"
1,"23620","23610.01","0","1","0"
1,"F0665","23610.01","0","1","0"
1,"23620","23610.01","0","1","0"
0,"F0666","23620","0","1","0"
1,"F0666","F0665","0","1","0"
1,"01930.03","01930.02","0","1","0"
1,"23999.04","01930.02","0","1","0"
1,"01930.03","01930.02","0","1","0"
1,"23999.04","01930.02","0","1","0"
1,"25020.01","01970","0","1","0"
1,"25020.02","01970","0","1","0"
1,"25090","01970","0","1","0"
1,"01950.02","01950.01","0","1","0"
1,"21512.01","21111.01","0","1","0"
1,"21111.02","21111.01","0","1","0"
1,"21512.01","21111.01","0","1","0"
1,"21111.02","21111.01","0","1","0"
1,"21182","21111.01","0","1","0"
1,"21185","21111.01","0","1","0"
1,"21184.01","21111.01","0","1","0"
1,"F0875","21111.01","0","1","0"
1,NA,"21111.01","0","1","0"
1,"23991.04","21111.01","0","1","0"
0,"F1172","21111.01","0","1","0"
1,"21189.04","21151","0","1","0"
0,"21183","21151","0","1","0"
1,"21529.03","21512","0","1","0"
1,"21523","21512","0","1","0"
1,"F1243","21512","0","1","0"
1,"21182","21111.02","0","1","0"
1,"21184.01","21111.02","0","1","0"
1,"F0875","21111.02","0","1","0"
0,"21529.03","21512.01","0","1","0"
0,"21523","21512.01","0","1","0"
0,"F1243","21512.01","0","1","0"
1,"22120","02211","0","1","0"
1,"22110.02","02211","0","1","0"
1,"22120","02211","0","1","0"
1,"22110.02","02211","0","1","0"
1,"22110.02","02211","0","1","0"
1,"22241.01","02211","0","1","0"
1,"22110.02","02211","0","1","0"
1,"22241.01","02211","0","1","0"
1,"22110.02","02211","0","1","0"
1,"22241.02","02211","0","1","0"
1,"22110.02","02211","0","1","0"
1,"22241.02","02211","0","1","0"
1,"22222.01","02211","0","1","0"
1,"22230.01","02211","0","1","0"
0,"22230.02","02211","0","1","0"
1,"22230.03","02211","0","1","0"
1,"22241.01","02211","0","1","0"
1,"22230.03","02211","0","1","0"
1,"22241.01","02211","0","1","0"
1,"22221.01","02211","0","1","0"
1,"22211","02211","0","1","0"
0,"22212","02211","0","1","0"
1,"22130.03","02211","0","1","0"
1,"22251.01","02211","0","1","0"
1,"22130.03","02211","0","1","0"
1,"22251.01","02211","0","1","0"
0,"22130.03","02211","0","1","0"
0,"22251.02","02211","0","1","0"
0,"22130.03","02211","0","1","0"
0,"22251.02","02211","0","1","0"
0,"22251.04","22120","0","1","0"
0,"22221.01","22241.02","0","1","0"
0,"22222.01","22110.02","0","1","0"
0,"22230.01","22110.02","0","1","0"
1,"22221.02","22110.02","0","1","0"
1,"22222.02","22110.02","0","1","0"
0,"22211","22110.02","0","1","0"
1,"22212","22110.02","0","1","0"
1,"22230.04","22110.02","0","1","0"
0,"22130.03","22110.02","0","1","0"
0,"22251.01","22110.02","0","1","0"
0,"22130.03","22110.02","0","1","0"
0,"22251.01","22110.02","0","1","0"
1,"22251.02","22110.02","0","1","0"
1,"22130.03","22110.02","0","1","0"
1,"22251.02","22110.02","0","1","0"
1,"22130.03","22110.02","0","1","0"
1,"22260","22110.02","0","1","0"
1,"22230.02","22230.01","0","1","0"
1,"22230.04","22230.03","0","1","0"
1,"22110.03","22221.02","0","1","0"
1,"22110.03","22222.02","0","1","0"
0,"22222.01","22211","0","1","0"
0,"22221.01","22211","0","1","0"
0,"22222.01","22212","0","1","0"
0,"22221.01","22212","0","1","0"
1,"22110.03","22212","0","1","0"
1,"22110.03","22230.04","0","1","0"
1,"22251.04","22251.01","0","1","0"
1,"22130.01","22130.03","0","1","0"
1,"22130.02","22130.03","0","1","0"
0,"22251.01","22130.03","0","1","0"
1,"22251.03","22130.03","0","1","0"
0,"22251.04","22251.02","0","1","0"
0,"22251.04","22251.03","0","1","0"
0,"22221.01","22110.03","0","1","0"
1,"02951.04","02951.01","0","1","0"
1,"02951.91","02951.01","0","1","0"
1,"02951.06","02951.01","0","1","0"
1,"02951.92","02951.01","0","1","0"
1,"02951.05","02951.04","0","1","0"
0,"02951.06","02951.02","0","1","0"
0,"02951.92","02951.02","0","1","0"
1,"02951.07","02951.06","0","1","0"
0,"21523","21513","0","1","0"
0,"F1243","21513","0","1","0"
1,"22110.04","02212","0","1","0"
1,"22242.01","02212","0","1","0"
1,"22110.04","02212","0","1","0"
1,"22242.01","02212","0","1","0"
1,"22242.02","02212","0","1","0"
1,"22110.04","02212","0","1","0"
1,"22242.02","02212","0","1","0"
1,"22110.04","02212","0","1","0"
1,"22130.03","02212","0","1","0"
1,"22252","02212","0","1","0"
1,"22130.03","02212","0","1","0"
1,"22252","02212","0","1","0"
1,"22130.03","22110.04","0","1","0"
1,"22252","22110.04","0","1","0"
1,"22130.03","22110.04","0","1","0"
1,"22252","22110.04","0","1","0"
1,"02951.08","02951.03","0","1","0"
1,"02951.09","02951.08","0","1","0"
0,"21529.03","21514","0","1","0"
0,"21523","21514","0","1","0"
0,"F1243","21514","0","1","0"
1,"22249.01","02291","0","1","0"
1,"22110.05","02291","0","1","0"
1,"22249.01","02291","0","1","0"
1,"22110.05","02291","0","1","0"
1,"22253","02291","0","1","0"
1,"22130.03","02291","0","1","0"
1,"22253","02291","0","1","0"
1,"22130.03","02291","0","1","0"
1,"22130.03","22110.05","0","1","0"
1,"22253","22110.05","0","1","0"
1,"22130.03","22110.05","0","1","0"
1,"22253","22110.05","0","1","0"
1,"02953.03","02953","0","1","0"
1,"02953.05","02953","0","1","0"
1,"02953.01","02953","0","1","0"
1,"02953.04","02953.03","0","1","0"
0,"21529.03","21515","0","1","0"
0,"21523","21515","0","1","0"
0,"F1243","21515","0","1","0"
1,"22130.03","02292","0","1","0"
1,"22254","02292","0","1","0"
1,"22130.03","02292","0","1","0"
1,"22254","02292","0","1","0"
1,"22110.06","02292","0","1","0"
1,"22249.02","02292","0","1","0"
1,"22110.06","02292","0","1","0"
1,"22249.02","02292","0","1","0"
1,"22130.03","22110.06","0","1","0"
1,"22254","22110.06","0","1","0"
1,"22130.03","22110.06","0","1","0"
1,"22254","22110.06","0","1","0"
1,"02954.01","02954","0","1","0"
1,"02954.90","02954","0","1","0"
1,"02954.02","02954.01","0","1","0"
1,"21511.02","21113.01","0","1","0"
1,"21113.02","21113.01","0","1","0"
1,"21511.02","21113.01","0","1","0"
1,"21113.02","21113.01","0","1","0"
1,"21181","21113.01","0","1","0"
1,"21184.02","21113.01","0","1","0"
1,"F1042","21113.01","0","1","0"
1,"21521","21511.01","0","1","0"
0,"21529.03","21511.01","0","1","0"
0,"21523","21511.01","0","1","0"
0,"F1243","21511.01","0","1","0"
1,"21184.02","21113.02","0","1","0"
1,"F1042","21113.02","0","1","0"
0,"21521","21511.02","0","1","0"
0,"21529.03","21511.02","0","1","0"
0,"21529.02","21511.02","0","1","0"
0,"21523","21511.02","0","1","0"
0,"F1243","21511.02","0","1","0"
1,"21529.02","21521","0","1","0"
0,"F1243","21521","0","1","0"
1,"02959.03","02959.01","0","1","0"
1,"02959.05","02959.01","0","1","0"
1,"02959.04","02959.03","0","1","0"
0,"23991.04","21121","0","1","0"
1,"21189.05","21121","0","1","0"
1,"F1061","21121","0","1","0"
1,"23993.02","0231","0","1","0"
1,"23993.03","0231","0","1","0"
1,"21522","21511.03","0","1","0"
0,"F1243","21511.03","0","1","0"
0,"F1243","21522","0","1","0"
1,"02952.04","02952.01","0","1","0"
1,"02952.90","02952.01","0","1","0"
1,"02952.05","02952.04","0","1","0"
1,"02959.06","02959.02","0","1","0"
1,"02959.08","02959.02","0","1","0"
1,"02959.07","02959.06","0","1","0"
0,"21183","21170.02","0","1","0"
0,"F1172","21170.02","0","1","0"
1,"21183","21119.90","0","1","0"
1,"F1172","21119.90","0","1","0"
0,"21700.02","21529.03","0","1","0"
0,"F1243","21529.03","0","1","0"
0,"24230.03","02910","0","1","0"
1,"02959.20","02959.90","0","1","0"
1,"02959.30","02959.20","0","1","0"
0,"21529.03","21523","0","1","0"
0,"21700.02","21523","0","1","0"
0,"F1243","21523","0","1","0"
0,"F1275","21523","0","1","0"
0,"34120","21523","0","1","0"
0,"21529.02","F1243","0","1","0"
0,"21700.02","F1243","0","1","0"
0,"21700.01","F1275","0","1","0"
0,"21700.02","F1275","0","1","0"
1,NA,NA,"0","1","0"
1,NA,NA,"0","1","0"
1,NA,NA,"0","1","0"
1,NA,NA,"0","1","0"
1,NA,NA,"0","1","0"
1,NA,NA,"0","1","0"
1,NA,NA,"0","1","0"
1,NA,NA,"0","1","0"
1,NA,NA,"0","1","0"
1,NA,NA,"0","1","0"
1,NA,NA,"0","1","0"
1,NA,NA,"0","1","0"
1,NA,NA,"0","1","0"
1,NA,NA,"0","1","0"
1,NA,NA,"0","1","0"
1,NA,NA,"0","1","0"
1,NA,NA,"0","1","0"
1,NA,NA,"0","1","0"
1,NA,NA,"0","1","0"
1,NA,NA,"0","1","0"
1,NA,NA,"0","1","0"
1,NA,NA,"0","1","0"
1,NA,NA,"0","1","0"
1,NA,NA,"0","1","0"
1,NA,NA,"0","1","0"
1,NA,NA,"0","1","0"
1,NA,NA,"0","1","0"
0,"21529.03",NA,"0","1","0"
0,"21523",NA,"0","1","0"
0,"21700.02",NA,"0","1","0"
0,"21529.03",NA,"0","1","0"
0,"21523",NA,"0","1","0"
0,"21700.02",NA,"0","1","0"
1,NA,NA,"0","1","0"
1,NA,NA,"0","1","0"
1,NA,NA,"0","1","0"
1,NA,NA,"0","1","0"
1,NA,NA,"0","1","0"
1,NA,NA,"0","1","0"
1,NA,NA,"0","1","0"
1,NA,NA,"0","1","0"
1,NA,NA,"0","1","0"
1,NA,NA,"0","1","0"
1,NA,NA,"0","1","0"
1,NA,NA,"0","1","0"
1,NA,NA,"0","1","0"
1,NA,NA,"0","1","0"
0,"21529.03",NA,"0","1","0"
0,"21523",NA,"0","1","0"
0,"21700.02",NA,"0","1","0"
0,"F1243",NA,"0","1","0"
0,"F1275",NA,"0","1","0"
0,"21529.03",NA,"0","1","0"
0,"21523",NA,"0","1","0"
0,"21700.02",NA,"0","1","0"
0,"F1243",NA,"0","1","0"
0,"F1275",NA,"0","1","0"
1,NA,NA,"0","1","0"
1,NA,NA,"0","1","0"
1,NA,NA,"0","1","0"
1,NA,NA,"0","1","0"
1,NA,NA,"0","1","0"
1,NA,NA,"0","1","0"
1,NA,NA,"0","1","0"
1,NA,NA,"0","1","0"
1,NA,NA,"0","1","0"
1,NA,NA,"0","1","0"
1,NA,NA,"0","1","0"
1,NA,NA,"0","1","0"
1,NA,NA,"0","1","0"
1,NA,NA,"0","1","0"
1,NA,NA,"0","1","0"
1,NA,NA,"0","1","0"
1,NA,NA,"0","1","0"
1,NA,NA,"0","1","0"
1,NA,NA,"0","1","0"
1,NA,NA,"0","1","0"
1,NA,NA,"0","1","0"
1,NA,NA,"0","1","0"
1,NA,NA,"0","1","0"
1,NA,NA,"0","1","0"
1,NA,NA,"0","1","0"
1,NA,NA,"0","1","0"
1,NA,NA,"0","1","0"
1,NA,NA,"0","1","0"
1,NA,NA,"0","1","0"
1,NA,NA,"0","1","0"
1,NA,NA,"0","1","0"
1,NA,NA,"0","1","0"
1,NA,NA,"0","1","0"
0,"21529.03",NA,"0","1","0"
0,"21523",NA,"0","1","0"
0,"21700.02",NA,"0","1","0"
0,"F1243",NA,"0","1","0"
0,"F1275",NA,"0","1","0"
1,NA,NA,"0","1","0"
1,NA,NA,"0","1","0"
1,NA,NA,"0","1","0"
1,NA,NA,"0","1","0"
1,NA,NA,"0","1","0"
